{
    "loss": 0.9890856146812439,
    "accuracy": 0.8962389826774597
}