{
    "loss": 29.501821517944336,
    "accuracy": 0.9149219989776611
}